guest_id,first_name,last_name
1,Kariotta,Sodor
2,Rayshell,Peiro
4,Miriam,"Van der Veldt"
5,Magnum,Drinkhill
7,Ludovico,Bennion
10,Ronica,Eastwell
12,Ardys,Kimblin
13,Sansone,Norsworthy
14,Stephanie,Hovey
16,Montague,Trulocke
22,Franny,Kocher
23,Aeriela,Caskie
28,Diahann,Longfut
29,Kameko,Creeboe
30,Michele,Mityakov
32,Phyllys,Terbrugge
33,Matilda,Jewitt
35,Aurelea,Storch
37,Vince,Truran
39,Barnie,Ricart
40,Linell,Dobrowski
44,Tadeas,Breton
45,Charmion,Vitte
48,Jabez,Bawdon
7,Ludovico,Bennion
9,Weider,Steuhlmeyer
10,Ronica,Eastwell
11,Birgit,Sarfati
14,Stephanie,Hovey
17,Susanna,Phillcox
20,Hans,Johnsee
22,Franny,Kocher
25,Quillan,Macrae
27,Celestyna,MacBrearty
30,Michele,Mityakov
35,Aurelea,Storch
36,Benjamin,Hassekl
37,Vince,Truran
39,Barnie,Ricart
40,Linell,Dobrowski
42,Grange,Banbrigge
